id;phone;jhi_type;organization_id
1;+624432570427;OTHER;1001
2;+927558951358;MOBILE;1002
3;+861374019900;OTHER;1003
4;+921133405471;MOBILE;1004
5;+15158806206;OTHER;1005
6;+3807934377887;OTHER;1006
7;+866837904570;MOBILE;1007
8;+274454587463;OTHER;1008
9;+548285664852;WORK;1009
10;+2546652977941;MOBILE;1010
11;+624799820647;WORK;1011
12;+9705059460044;OTHER;1012
13;+464642292453;OTHER;1013
14;+628619974479;WORK;1014
15;+74353491820;OTHER;1015
16;+485434853552;OTHER;1016
17;+75626728721;WORK;1017
18;+866018014320;OTHER;1018
19;+626751432352;OTHER;1019
20;+335968669405;MOBILE;1020
21;+9658015638692;MOBILE;1021
22;+577325753888;WORK;1022
23;+3513038039161;OTHER;1023
24;+305818789839;WORK;1024
25;+863519746986;OTHER;1025
26;+667348421816;WORK;1026
27;+938508791065;MOBILE;1027
28;+488931659950;OTHER;1028
29;+867292065145;WORK;1029
30;+3806832030118;WORK;1030
31;+3597182857289;OTHER;1031
32;+12126034370;WORK;1032
33;+3519004334859;WORK;1033
34;+76293092748;OTHER;1034
35;+622877054371;OTHER;1035
36;+632901124624;OTHER;1036
37;+867334718355;OTHER;1037
38;+634382453434;OTHER;1038
39;+3809628634763;OTHER;1039
40;+813911993784;MOBILE;1040
41;+9631983751327;OTHER;1041
42;+628451977074;OTHER;1042
43;+635565049336;WORK;1043
44;+867131851062;OTHER;1044
45;+548408422848;OTHER;1045
46;+3512568953062;OTHER;1046
47;+3587552470743;OTHER;1047
48;+625944632904;MOBILE;1048
49;+863004468377;MOBILE;1049
50;+817743323350;MOBILE;1050
51;+867545292092;WORK;2001
52;+485539529707;OTHER;2002
53;+279899229257;MOBILE;2003
54;+869946802616;MOBILE;2004
55;+863238243645;OTHER;2005
56;+8502948643814;OTHER;2006
57;+862658905848;OTHER;2007
58;+79898404344;OTHER;2008
59;+665845694000;MOBILE;2009
60;+814793929915;OTHER;2010
61;+9942304230186;OTHER;2011
62;+633773829584;WORK;2012
63;+861136063114;OTHER;2013
64;+556082578394;WORK;2014
65;+311678680246;OTHER;2015
66;+8507931843834;WORK;2016
67;+621117462184;OTHER;2017
68;+77421603577;WORK;2018
69;+3809202885330;WORK;2019
70;+541639400400;MOBILE;2020
71;+529517743052;WORK;2021
72;+276056474494;OTHER;2022
73;+563839848483;MOBILE;2023
74;+3811779902332;MOBILE;2024
75;+866445690582;MOBILE;2025
76;+625333315582;OTHER;2026
77;+555365333226;OTHER;2027
78;+2641807045688;OTHER;2028
79;+4205263753172;MOBILE;2029
80;+627964063312;OTHER;2030
81;+629928344083;OTHER;2031
82;+488147148557;OTHER;2032
83;+624437880394;MOBILE;2033
84;+341474115927;OTHER;2034
85;+332269885089;MOBILE;2035
86;+937797710379;OTHER;2036
87;+6708358149802;OTHER;2037
88;+555642709531;WORK;2038
89;+73984418889;WORK;2039
90;+76646706256;OTHER;2040
91;+466709440881;OTHER;2041
92;+868181220865;WORK;2042
93;+629517323331;MOBILE;2043
94;+559149058831;WORK;2044
95;+861315404428;OTHER;2045
96;+556471189044;OTHER;2046
97;+2349164632187;OTHER;2047
98;+556289107742;WORK;2048
99;+2332588930187;MOBILE;2049
100;+621172899739;MOBILE;2050
101;+668639110967;OTHER;3001
102;+9767014181093;OTHER;3002
103;+451805473667;OTHER;3003
104;+557035824088;MOBILE;3004
105;+623187709087;OTHER;3005
106;+72338313972;MOBILE;3006
107;+79465420370;MOBILE;3007
108;+813009959283;OTHER;3008
109;+3807339974179;OTHER;3009
110;+3515316092290;MOBILE;3010
111;+557593123689;MOBILE;3011
112;+11707584384;OTHER;3012
113;+628331228529;OTHER;3013
114;+2241487737127;OTHER;3014
115;+2343058604306;OTHER;3015
116;+624749533109;WORK;3016
117;+484127092781;WORK;3017
118;+474416840075;MOBILE;3018
119;+814752633725;OTHER;3019
120;+3832546663212;MOBILE;3020
121;+79102806937;MOBILE;3021
122;+843345640056;WORK;3022
123;+869093040729;OTHER;3023
124;+625991933972;OTHER;3024
125;+525139857656;WORK;3025
126;+869128075005;WORK;3026
127;+629358104393;OTHER;3027
128;+518911239614;WORK;3028
129;+868208797073;WORK;3029
130;+629024231959;OTHER;3030
131;+75196664532;OTHER;3031
132;+869382630559;WORK;3032
133;+4201005105890;OTHER;3033
134;+3514532299558;MOBILE;3034
135;+868535269427;OTHER;3035
136;+76347236625;MOBILE;3036
137;+629614422704;OTHER;3037
138;+465223715709;MOBILE;3038
139;+627086350505;OTHER;3039
140;+866155039059;MOBILE;3040
141;+499976191477;OTHER;3041
142;+527725921710;OTHER;3042
143;+626282980738;WORK;3043
144;+2495725057730;WORK;3044
145;+628718752169;OTHER;3045
146;+3808682968981;OTHER;3046
147;+4207498932649;WORK;3047
148;+488197381202;OTHER;3048
149;+636214193913;MOBILE;3049
150;+3802214130814;OTHER;3050
151;+513226568308;MOBILE;4001
152;+869121859818;MOBILE;4002
153;+2496485594321;OTHER;4003
154;+2166437281222;OTHER;4004
155;+644137087155;MOBILE;4005
156;+574237683621;OTHER;4006
157;+2267123948770;MOBILE;4007
158;+936579120186;WORK;4008
159;+5024313131349;WORK;4009
160;+636527476636;OTHER;4010
161;+493142159384;MOBILE;4011
162;+632136513142;WORK;4012
163;+2357106282093;WORK;4013
164;+628804876412;OTHER;4014
165;+638239671240;OTHER;4015
166;+2546499816685;OTHER;4016
167;+19022313531;WORK;4017
168;+15038196509;MOBILE;4018
169;+862477771479;OTHER;4019
170;+863179591095;OTHER;4020
171;+573291247080;MOBILE;4021
172;+272335932700;MOBILE;4022
173;+2674819222381;WORK;4023
174;+632415157017;OTHER;4024
175;+77113830701;OTHER;4025
176;+632102408591;MOBILE;4026
177;+868124484606;OTHER;4027
178;+544046889470;WORK;4028
179;+464237616064;OTHER;4029
180;+3802386246539;OTHER;4030
181;+2558561628976;MOBILE;4031
182;+664207502132;MOBILE;4032
183;+627212971860;OTHER;4033
184;+627144820264;WORK;4034
185;+623759577823;WORK;4035
186;+73144826746;OTHER;4036
187;+308032231598;MOBILE;4037
188;+364521259325;WORK;4038
189;+484936538898;WORK;4039
190;+3804614177439;WORK;4040
191;+863325124654;WORK;4041
192;+868959050590;OTHER;4042
193;+334468400074;WORK;4043
194;+79757103283;MOBILE;4044
195;+446463024409;WORK;4045
196;+864878172895;WORK;4046
197;+819916435747;OTHER;4047
198;+865792118329;OTHER;4048
199;+558783516655;OTHER;4049
200;+482964731632;OTHER;4050
201;+305281971084;WORK;5001
202;+482624051136;OTHER;5002
203;+862297930382;WORK;5003
204;+866221441088;OTHER;5004
205;+419683971335;OTHER;5005
206;+9955547533068;MOBILE;5006
207;+77595186715;WORK;5007
208;+863454713182;WORK;5008
209;+472883359353;MOBILE;5009
210;+634749547676;OTHER;5010
211;+3807273079842;OTHER;5011
212;+866329749935;OTHER;5012
213;+3519115195657;OTHER;5013
214;+862829920546;WORK;5014
215;+3854893221026;OTHER;5015
216;+626265822738;WORK;5016
217;+9954765888327;MOBILE;5017
218;+77763286546;WORK;5018
219;+863912803582;WORK;5019
220;+863587169051;WORK;5020
221;+862773141801;MOBILE;5021
222;+867177547157;WORK;5022
223;+305117191059;MOBILE;5023
224;+3532049005842;WORK;5024
225;+628502576954;WORK;5025
226;+627208452322;MOBILE;5026
227;+624442671972;OTHER;5027
228;+861458285286;MOBILE;5028
229;+666359837952;MOBILE;5029
230;+982927258235;OTHER;5030
231;+543458239636;MOBILE;5031
232;+3539693120396;WORK;5032
233;+9941496118305;WORK;5033
234;+866529520287;OTHER;5034
235;+549612151477;OTHER;5035
236;+579297140067;OTHER;5036
237;+866952766331;WORK;5037
238;+559384063795;OTHER;5038
239;+2663566909688;OTHER;5039
240;+572267222979;WORK;5040
241;+863421820117;WORK;5041
242;+9969531286139;MOBILE;5042
243;+629041054458;WORK;5043
244;+629848579771;MOBILE;5044
245;+4202633726539;OTHER;5045
246;+337214625796;WORK;5046
247;+492293092051;MOBILE;5047
248;+3871373205548;OTHER;5048
249;+635531498054;WORK;5049
250;+865044212755;WORK;5050
251;+2696188204077;OTHER;6001
252;+3519036754388;OTHER;6002
253;+553568304155;MOBILE;6003
254;+864516528354;MOBILE;6004
255;+551145796976;OTHER;6005
256;+626154186692;WORK;6006
257;+869816517059;OTHER;6007
258;+572599936676;WORK;6008
259;+634756931006;WORK;6009
260;+866818347730;OTHER;6010
261;+3862915055220;OTHER;6011
262;+621427759806;MOBILE;6012
263;+628248392055;WORK;6013
264;+625966448972;MOBILE;6014
265;+75274217983;MOBILE;6015
266;+3596526702503;MOBILE;6016
267;+551204450321;WORK;6017
268;+77542882554;OTHER;6018
269;+863982703386;OTHER;6019
270;+2333661806749;OTHER;6020
271;+467737760272;OTHER;6021
272;+339725756280;WORK;6022
273;+2514884141239;WORK;6023
274;+862996014510;OTHER;6024
275;+4201953517008;OTHER;6025
276;+335123066311;OTHER;6026
277;+558222139321;OTHER;6027
278;+2526588587573;OTHER;6028
279;+862267825750;WORK;6029
280;+335554643780;WORK;6030
281;+303276392089;MOBILE;6031
282;+19398324315;MOBILE;6032
283;+862452455625;OTHER;6033
284;+4205332195899;MOBILE;6034
285;+511259836205;MOBILE;6035
286;+868978436828;WORK;6036
287;+3519439228633;WORK;6037
288;+629378055351;OTHER;6038
289;+461651259431;OTHER;6039
290;+525791388647;MOBILE;6040
291;+2615292774560;MOBILE;6041
292;+461947888223;MOBILE;6042
293;+303881462451;WORK;6043
294;+304905729027;MOBILE;6044
295;+521572371351;MOBILE;6045
296;+335422703739;OTHER;6046
297;+9965621686195;OTHER;6047
298;+623755716682;OTHER;6048
299;+338098721859;WORK;6049
300;+3806185743888;OTHER;6050
301;+3514947704230;WORK;7001
302;+526539483011;WORK;7002
303;+633404501737;OTHER;7003
304;+75327511211;WORK;7004
305;+3801474228641;OTHER;7005
306;+3805719506633;OTHER;7006
307;+304152568424;WORK;7007
308;+17805801971;WORK;7008
309;+627822303788;OTHER;7009
310;+2313753928399;WORK;7010
311;+9725021752480;WORK;7011
312;+3866372477916;WORK;7012
313;+527451922478;OTHER;7013
314;+866319837476;WORK;7014
315;+201267990344;WORK;7015
316;+5042564142613;WORK;7016
317;+863099802929;WORK;7017
318;+554316027584;OTHER;7018
319;+484602059955;OTHER;7019
320;+367963480548;MOBILE;7020
321;+77867361501;OTHER;7021
322;+629311941745;OTHER;7022
323;+577158909875;WORK;7023
324;+72829785108;WORK;7024
325;+318787468104;MOBILE;7025
326;+8802181768717;OTHER;7026
327;+865545616882;MOBILE;7027
328;+482971911172;WORK;7028
329;+13717709707;OTHER;7029
330;+551313942716;WORK;7030
331;+3524516399700;OTHER;7031
332;+516794468738;WORK;7032
333;+9643582477644;MOBILE;7033
334;+17626424691;MOBILE;7034
335;+2349141235520;OTHER;7035
336;+868482667528;OTHER;7036
337;+635457349178;OTHER;7037
338;+623827155907;WORK;7038
339;+862802119050;OTHER;7039
340;+865145772703;MOBILE;7040
341;+5076809916084;OTHER;7041
342;+865993288806;WORK;7042
343;+633695985199;WORK;7043
344;+334056311955;OTHER;7044
345;+489527664661;WORK;7045
346;+869482245793;OTHER;7046
347;+626314635514;WORK;7047
348;+865357712353;MOBILE;7048
349;+4209669961721;WORK;7049
350;+627902104851;OTHER;7050
351;+863492461929;MOBILE;8001
352;+3512216305461;OTHER;8002
353;+862505903850;MOBILE;8003
354;+2297506699547;MOBILE;8004
355;+483092469935;OTHER;8005
356;+3514779711349;OTHER;8006
357;+17494555874;OTHER;8007
358;+869994134420;OTHER;8008
359;+486787116012;WORK;8009
360;+18166557728;OTHER;8010
361;+543232622722;WORK;8011
362;+461968502542;OTHER;8012
363;+865942452274;MOBILE;8013
364;+638737359031;OTHER;8014
365;+625499563852;MOBILE;8015
366;+78427503338;OTHER;8016
367;+625776238463;WORK;8017
368;+869967990469;OTHER;8018
369;+489808000995;WORK;8019
370;+542289326269;OTHER;8020
371;+555399366725;OTHER;8021
372;+557567145615;MOBILE;8022
373;+624399198892;MOBILE;8023
374;+498964561684;WORK;8024
375;+2125915322010;OTHER;8025
376;+636575911374;OTHER;8026
377;+867575387490;WORK;8027
378;+333972756482;OTHER;8028
379;+76895017979;OTHER;8029
380;+865911684203;WORK;8030
381;+862208872134;OTHER;8031
382;+204211176010;OTHER;8032
383;+76682668518;OTHER;8033
384;+317583812051;WORK;8034
385;+2126486350540;OTHER;8035
386;+74059236337;OTHER;8036
387;+662548217567;OTHER;8037
388;+867502584026;WORK;8038
389;+553171230212;OTHER;8039
390;+627829760849;OTHER;8040
391;+868249202434;WORK;8041
392;+3513634612433;OTHER;8042
393;+2126353421228;WORK;8043
394;+864758601209;OTHER;8044
395;+815476489004;OTHER;8045
396;+461825112153;OTHER;8046
397;+861624903229;WORK;8047
398;+482829681546;OTHER;8048
399;+869222017632;OTHER;8049
400;+3519678640130;OTHER;8050
401;+416151559294;OTHER;9001
402;+557245724782;WORK;9002
403;+488541259674;OTHER;9003
404;+639191878193;WORK;9004
405;+489117337969;OTHER;9005
406;+464665885412;OTHER;9006
407;+868493069248;OTHER;9007
408;+511279673822;WORK;9008
409;+865012236472;OTHER;9009
410;+627211465926;WORK;9010
411;+74449821693;WORK;9011
412;+865373543797;MOBILE;9012
413;+626357054506;WORK;9013
414;+866941988068;OTHER;9014
415;+867109622747;MOBILE;9015
416;+551335589769;OTHER;9016
417;+4202807466293;MOBILE;9017
418;+575171064993;MOBILE;9018
419;+5957175272749;OTHER;9019
420;+3803853191007;OTHER;9020
421;+335432677693;WORK;9021
422;+513512144553;OTHER;9022
423;+9701989654217;OTHER;9023
424;+2321372416945;OTHER;9024
425;+2613634591916;MOBILE;9025
426;+2542832515856;OTHER;9026
427;+865397628912;MOBILE;9027
428;+813072473303;MOBILE;9028
429;+2129977319832;MOBILE;9029
430;+3745812091241;OTHER;9030
431;+391134137887;MOBILE;9031
432;+574022971308;OTHER;9032
433;+5955075401172;OTHER;9033
434;+627935256594;OTHER;9034
435;+552666349804;MOBILE;9035
436;+632251693094;OTHER;9036
437;+3519002899662;OTHER;9037
438;+867047484067;MOBILE;9038
439;+79156116526;WORK;9039
440;+9938015116428;OTHER;9040
441;+813138106833;MOBILE;9041
442;+3759424189192;OTHER;9042
443;+935758326325;OTHER;9043
444;+622018334925;OTHER;9044
445;+632702138726;OTHER;9045
446;+861421089585;WORK;9046
447;+78851943127;WORK;9047
448;+73765087567;OTHER;9048
449;+332493323912;WORK;9049
450;+3806068661542;OTHER;9050
451;+628239992977;OTHER;9051
452;+861276016919;MOBILE;9052
453;+868407956074;OTHER;9053
454;+868478693418;WORK;9054
455;+629856626067;OTHER;9055
456;+3704986229912;OTHER;9056
457;+18657407653;MOBILE;9057
458;+333587367279;WORK;9058
459;+925895144962;MOBILE;9059
460;+2125022559914;OTHER;9060
461;+621267853445;OTHER;9061
462;+9764704979119;OTHER;9062
463;+333214751538;WORK;9063
464;+869213432875;OTHER;9064
465;+19016830603;OTHER;9065
466;+3809818568013;OTHER;9066
467;+3801329143459;OTHER;9067
468;+629398328956;OTHER;9068
469;+2401208963962;WORK;9069
470;+622201711655;OTHER;9070
471;+868321771799;OTHER;9071
472;+864709303647;MOBILE;9072
473;+924718107475;MOBILE;9073
474;+9762209697357;MOBILE;9074
475;+863221205207;WORK;9075
476;+638606670856;OTHER;9076
477;+868947719546;OTHER;9077
478;+3592259235958;MOBILE;9078
479;+3759387959654;WORK;9079
480;+392623508856;OTHER;9080
481;+625355236960;OTHER;9081
482;+511873350540;OTHER;9082
483;+9983805257199;OTHER;9083
484;+626006003856;MOBILE;9084
485;+869801626093;OTHER;9085
486;+621841098978;MOBILE;9086
487;+511402851511;WORK;9087
488;+77182091716;MOBILE;9088
489;+662811216187;OTHER;9089
490;+71005442588;MOBILE;9090
491;+3866684069819;OTHER;9091
492;+624576293707;MOBILE;9092
493;+847169480694;OTHER;9093
494;+2504996391545;OTHER;9094
495;+8801454150677;MOBILE;9095
496;+3519182821316;OTHER;9096
497;+3515085277627;OTHER;9097
498;+864434095408;MOBILE;9098
499;+819656464954;OTHER;9099
500;+5067126325740;MOBILE;9100
